-- phpMyAdmin SQL Dump
-- version 5.2.2
-- https://www.phpmyadmin.net/
--
-- Hôte : 127.0.0.1:3306
-- Généré le : mar. 27 mai 2025 à 07:09
-- Version du serveur : 9.3.0
-- Version de PHP : 8.2.28

SET SQL_MODE = "NO_AUTO_VALUE_ON_ZERO";
START TRANSACTION;
SET time_zone = "+00:00";


/*!40101 SET @OLD_CHARACTER_SET_CLIENT=@@CHARACTER_SET_CLIENT */;
/*!40101 SET @OLD_CHARACTER_SET_RESULTS=@@CHARACTER_SET_RESULTS */;
/*!40101 SET @OLD_COLLATION_CONNECTION=@@COLLATION_CONNECTION */;
/*!40101 SET NAMES utf8mb4 */;

--
-- Base de données : `tcgapi`
--

-- --------------------------------------------------------

--
-- Structure de la table `auctions`
--

DROP TABLE IF EXISTS `auctions`;
CREATE TABLE IF NOT EXISTS `auctions` (
  `id` int NOT NULL AUTO_INCREMENT,
  `end_date` datetime NOT NULL,
  `bid` float DEFAULT '0',
  `createdAt` datetime NOT NULL,
  `updatedAt` datetime NOT NULL,
  `sellerId` int DEFAULT NULL,
  `bidderId` int DEFAULT NULL,
  `CardId` int DEFAULT NULL,
  PRIMARY KEY (`id`),
  KEY `sellerId` (`sellerId`),
  KEY `bidderId` (`bidderId`),
  KEY `CardId` (`CardId`)
) ENGINE=InnoDB DEFAULT CHARSET=utf8mb4 COLLATE=utf8mb4_0900_ai_ci;

-- --------------------------------------------------------

--
-- Structure de la table `cards`
--

DROP TABLE IF EXISTS `cards`;
CREATE TABLE IF NOT EXISTS `cards` (
  `id` int NOT NULL AUTO_INCREMENT,
  `name` varchar(255) NOT NULL,
  `rarity` varchar(255) DEFAULT NULL,
  `createdAt` datetime NOT NULL,
  `updatedAt` datetime NOT NULL,
  PRIMARY KEY (`id`)
) ENGINE=InnoDB AUTO_INCREMENT=152 DEFAULT CHARSET=utf8mb4 COLLATE=utf8mb4_0900_ai_ci;

--
-- Déchargement des données de la table `cards`
--

INSERT INTO `cards` (`id`, `name`, `rarity`, `createdAt`, `updatedAt`) VALUES
(1, 'Bulbizarre', 'common', '2025-05-26 21:05:29', '2025-05-26 21:05:29'),
(2, 'Herbizarre', 'rare', '2025-05-26 21:05:29', '2025-05-26 21:05:29'),
(3, 'Florizarre', 'rare', '2025-05-26 21:05:29', '2025-05-26 21:05:29'),
(4, 'Salamèche', 'common', '2025-05-26 21:05:29', '2025-05-26 21:05:29'),
(5, 'Reptincel', 'rare', '2025-05-26 21:05:29', '2025-05-26 21:05:29'),
(6, 'Dracaufeu', 'rare', '2025-05-26 21:05:29', '2025-05-26 21:05:29'),
(7, 'Carapuce', 'common', '2025-05-26 21:05:30', '2025-05-26 21:05:30'),
(8, 'Carabaffe', 'rare', '2025-05-26 21:05:30', '2025-05-26 21:05:30'),
(9, 'Tortank', 'rare', '2025-05-26 21:05:30', '2025-05-26 21:05:30'),
(10, 'Chenipan', 'common', '2025-05-26 21:05:30', '2025-05-26 21:05:30'),
(11, 'Chrysacier', 'common', '2025-05-26 21:05:30', '2025-05-26 21:05:30'),
(12, 'Papilusion', 'rare', '2025-05-26 21:05:30', '2025-05-26 21:05:30'),
(13, 'Aspicot', 'common', '2025-05-26 21:05:30', '2025-05-26 21:05:30'),
(14, 'Coconfort', 'common', '2025-05-26 21:05:30', '2025-05-26 21:05:30'),
(15, 'Dardargnan', 'rare', '2025-05-26 21:05:30', '2025-05-26 21:05:30'),
(16, 'Roucool', 'common', '2025-05-26 21:05:30', '2025-05-26 21:05:30'),
(17, 'Roucoups', 'common', '2025-05-26 21:05:30', '2025-05-26 21:05:30'),
(18, 'Roucarnage', 'rare', '2025-05-26 21:05:30', '2025-05-26 21:05:30'),
(19, 'Rattata', 'common', '2025-05-26 21:05:30', '2025-05-26 21:05:30'),
(20, 'Rattatac', 'common', '2025-05-26 21:05:30', '2025-05-26 21:05:30'),
(21, 'Piafabec', 'common', '2025-05-26 21:05:30', '2025-05-26 21:05:30'),
(22, 'Rapasdepic', 'rare', '2025-05-26 21:05:30', '2025-05-26 21:05:30'),
(23, 'Abo', 'common', '2025-05-26 21:05:30', '2025-05-26 21:05:30'),
(24, 'Arbok', 'rare', '2025-05-26 21:05:30', '2025-05-26 21:05:30'),
(25, 'Pikachu', 'rare', '2025-05-26 21:05:30', '2025-05-26 21:05:30'),
(26, 'Raichu', 'rare', '2025-05-26 21:05:30', '2025-05-26 21:05:30'),
(27, 'Sabelette', 'common', '2025-05-26 21:05:30', '2025-05-26 21:05:30'),
(28, 'Sablaireau', 'rare', '2025-05-26 21:05:30', '2025-05-26 21:05:30'),
(29, 'Nidoran♀', 'common', '2025-05-26 21:05:30', '2025-05-26 21:05:30'),
(30, 'Nidorina', 'rare', '2025-05-26 21:05:30', '2025-05-26 21:05:30'),
(31, 'Nidoqueen', 'rare', '2025-05-26 21:05:30', '2025-05-26 21:05:30'),
(32, 'Nidoran♂', 'common', '2025-05-26 21:05:30', '2025-05-26 21:05:30'),
(33, 'Nidorino', 'rare', '2025-05-26 21:05:30', '2025-05-26 21:05:30'),
(34, 'Nidoking', 'rare', '2025-05-26 21:05:30', '2025-05-26 21:05:30'),
(35, 'Mélofée', 'rare', '2025-05-26 21:05:30', '2025-05-26 21:05:30'),
(36, 'Mélodelfe', 'rare', '2025-05-26 21:05:30', '2025-05-26 21:05:30'),
(37, 'Goupix', 'common', '2025-05-26 21:05:30', '2025-05-26 21:05:30'),
(38, 'Feunard', 'rare', '2025-05-26 21:05:30', '2025-05-26 21:05:30'),
(39, 'Rondoudou', 'common', '2025-05-26 21:05:30', '2025-05-26 21:05:30'),
(40, 'Grodoudou', 'rare', '2025-05-26 21:05:30', '2025-05-26 21:05:30'),
(41, 'Nosferapti', 'common', '2025-05-26 21:05:30', '2025-05-26 21:05:30'),
(42, 'Nosferalto', 'rare', '2025-05-26 21:05:30', '2025-05-26 21:05:30'),
(43, 'Mystherbe', 'common', '2025-05-26 21:05:30', '2025-05-26 21:05:30'),
(44, 'Ortide', 'rare', '2025-05-26 21:05:30', '2025-05-26 21:05:30'),
(45, 'Rafflesia', 'rare', '2025-05-26 21:05:30', '2025-05-26 21:05:30'),
(46, 'Paras', 'common', '2025-05-26 21:05:30', '2025-05-26 21:05:30'),
(47, 'Parasect', 'rare', '2025-05-26 21:05:30', '2025-05-26 21:05:30'),
(48, 'Mimitoss', 'common', '2025-05-26 21:05:30', '2025-05-26 21:05:30'),
(49, 'Aéromite', 'rare', '2025-05-26 21:05:30', '2025-05-26 21:05:30'),
(50, 'Taupiqueur', 'common', '2025-05-26 21:05:30', '2025-05-26 21:05:30'),
(51, 'Triopikeur', 'rare', '2025-05-26 21:05:30', '2025-05-26 21:05:30'),
(52, 'Miaouss', 'common', '2025-05-26 21:05:30', '2025-05-26 21:05:30'),
(53, 'Persian', 'rare', '2025-05-26 21:05:30', '2025-05-26 21:05:30'),
(54, 'Psykokwak', 'common', '2025-05-26 21:05:30', '2025-05-26 21:05:30'),
(55, 'Akwakwak', 'rare', '2025-05-26 21:05:30', '2025-05-26 21:05:30'),
(56, 'Férosinge', 'common', '2025-05-26 21:05:30', '2025-05-26 21:05:30'),
(57, 'Colossinge', 'rare', '2025-05-26 21:05:30', '2025-05-26 21:05:30'),
(58, 'Caninos', 'common', '2025-05-26 21:05:30', '2025-05-26 21:05:30'),
(59, 'Arcanin', 'rare', '2025-05-26 21:05:30', '2025-05-26 21:05:30'),
(60, 'Ptitard', 'common', '2025-05-26 21:05:30', '2025-05-26 21:05:30'),
(61, 'Têtarte', 'rare', '2025-05-26 21:05:30', '2025-05-26 21:05:30'),
(62, 'Tartard', 'rare', '2025-05-26 21:05:30', '2025-05-26 21:05:30'),
(63, 'Abra', 'common', '2025-05-26 21:05:30', '2025-05-26 21:05:30'),
(64, 'Kadabra', 'rare', '2025-05-26 21:05:30', '2025-05-26 21:05:30'),
(65, 'Alakazam', 'rare', '2025-05-26 21:05:30', '2025-05-26 21:05:30'),
(66, 'Machoc', 'common', '2025-05-26 21:05:30', '2025-05-26 21:05:30'),
(67, 'Machopeur', 'rare', '2025-05-26 21:05:30', '2025-05-26 21:05:30'),
(68, 'Mackogneur', 'rare', '2025-05-26 21:05:30', '2025-05-26 21:05:30'),
(69, 'Chétiflor', 'common', '2025-05-26 21:05:30', '2025-05-26 21:05:30'),
(70, 'Boustiflor', 'rare', '2025-05-26 21:05:30', '2025-05-26 21:05:30'),
(71, 'Empiflor', 'rare', '2025-05-26 21:05:30', '2025-05-26 21:05:30'),
(72, 'Tentacool', 'common', '2025-05-26 21:05:30', '2025-05-26 21:05:30'),
(73, 'Tentacruel', 'rare', '2025-05-26 21:05:30', '2025-05-26 21:05:30'),
(74, 'Racaillou', 'common', '2025-05-26 21:05:30', '2025-05-26 21:05:30'),
(75, 'Gravalanch', 'rare', '2025-05-26 21:05:30', '2025-05-26 21:05:30'),
(76, 'Grolem', 'rare', '2025-05-26 21:05:30', '2025-05-26 21:05:30'),
(77, 'Ponyta', 'common', '2025-05-26 21:05:30', '2025-05-26 21:05:30'),
(78, 'Galopa', 'rare', '2025-05-26 21:05:30', '2025-05-26 21:05:30'),
(79, 'Ramoloss', 'common', '2025-05-26 21:05:30', '2025-05-26 21:05:30'),
(80, 'Flagadoss', 'rare', '2025-05-26 21:05:30', '2025-05-26 21:05:30'),
(81, 'Magnéti', 'common', '2025-05-26 21:05:30', '2025-05-26 21:05:30'),
(82, 'Magnéton', 'rare', '2025-05-26 21:05:30', '2025-05-26 21:05:30'),
(83, 'Canarticho', 'rare', '2025-05-26 21:05:30', '2025-05-26 21:05:30'),
(84, 'Doduo', 'common', '2025-05-26 21:05:30', '2025-05-26 21:05:30'),
(85, 'Dodrio', 'rare', '2025-05-26 21:05:30', '2025-05-26 21:05:30'),
(86, 'Otaria', 'common', '2025-05-26 21:05:30', '2025-05-26 21:05:30'),
(87, 'Lamantine', 'rare', '2025-05-26 21:05:30', '2025-05-26 21:05:30'),
(88, 'Tadmorv', 'common', '2025-05-26 21:05:30', '2025-05-26 21:05:30'),
(89, 'Grotadmorv', 'rare', '2025-05-26 21:05:30', '2025-05-26 21:05:30'),
(90, 'Kokiyas', 'common', '2025-05-26 21:05:30', '2025-05-26 21:05:30'),
(91, 'Crustabri', 'rare', '2025-05-26 21:05:30', '2025-05-26 21:05:30'),
(92, 'Fantominus', 'common', '2025-05-26 21:05:30', '2025-05-26 21:05:30'),
(93, 'Spectrum', 'rare', '2025-05-26 21:05:30', '2025-05-26 21:05:30'),
(94, 'Ectoplasma', 'rare', '2025-05-26 21:05:30', '2025-05-26 21:05:30'),
(95, 'Onix', 'rare', '2025-05-26 21:05:30', '2025-05-26 21:05:30'),
(96, 'Soporifik', 'common', '2025-05-26 21:05:30', '2025-05-26 21:05:30'),
(97, 'Hypnomade', 'rare', '2025-05-26 21:05:30', '2025-05-26 21:05:30'),
(98, 'Krabby', 'common', '2025-05-26 21:05:30', '2025-05-26 21:05:30'),
(99, 'Krabboss', 'rare', '2025-05-26 21:05:30', '2025-05-26 21:05:30'),
(100, 'Voltorbe', 'common', '2025-05-26 21:05:30', '2025-05-26 21:05:30'),
(101, 'Électrode', 'rare', '2025-05-26 21:05:30', '2025-05-26 21:05:30'),
(102, 'Noeunoeuf', 'common', '2025-05-26 21:05:30', '2025-05-26 21:05:30'),
(103, 'Noadkoko', 'rare', '2025-05-26 21:05:30', '2025-05-26 21:05:30'),
(104, 'Osselait', 'common', '2025-05-26 21:05:30', '2025-05-26 21:05:30'),
(105, 'Ossatueur', 'rare', '2025-05-26 21:05:30', '2025-05-26 21:05:30'),
(106, 'Kicklee', 'rare', '2025-05-26 21:05:30', '2025-05-26 21:05:30'),
(107, 'Tygnon', 'rare', '2025-05-26 21:05:30', '2025-05-26 21:05:30'),
(108, 'Excelangue', 'rare', '2025-05-26 21:05:30', '2025-05-26 21:05:30'),
(109, 'Smogo', 'common', '2025-05-26 21:05:30', '2025-05-26 21:05:30'),
(110, 'Smogogo', 'rare', '2025-05-26 21:05:30', '2025-05-26 21:05:30'),
(111, 'Rhinocorne', 'common', '2025-05-26 21:05:30', '2025-05-26 21:05:30'),
(112, 'Rhinoféros', 'rare', '2025-05-26 21:05:30', '2025-05-26 21:05:30'),
(113, 'Leveinard', 'rare', '2025-05-26 21:05:30', '2025-05-26 21:05:30'),
(114, 'Saquedeneu', 'rare', '2025-05-26 21:05:30', '2025-05-26 21:05:30'),
(115, 'Kangourex', 'rare', '2025-05-26 21:05:30', '2025-05-26 21:05:30'),
(116, 'Hypotrempe', 'common', '2025-05-26 21:05:30', '2025-05-26 21:05:30'),
(117, 'Hypocéan', 'rare', '2025-05-26 21:05:30', '2025-05-26 21:05:30'),
(118, 'Poissirène', 'common', '2025-05-26 21:05:30', '2025-05-26 21:05:30'),
(119, 'Poissoroy', 'rare', '2025-05-26 21:05:30', '2025-05-26 21:05:30'),
(120, 'Stari', 'common', '2025-05-26 21:05:30', '2025-05-26 21:05:30'),
(121, 'Staross', 'rare', '2025-05-26 21:05:30', '2025-05-26 21:05:30'),
(122, 'M. Mime', 'rare', '2025-05-26 21:05:30', '2025-05-26 21:05:30'),
(123, 'Insécateur', 'rare', '2025-05-26 21:05:30', '2025-05-26 21:05:30'),
(124, 'Lippoutou', 'rare', '2025-05-26 21:05:30', '2025-05-26 21:05:30'),
(125, 'Élektek', 'rare', '2025-05-26 21:05:30', '2025-05-26 21:05:30'),
(126, 'Magmar', 'rare', '2025-05-26 21:05:30', '2025-05-26 21:05:30'),
(127, 'Scarabrute', 'rare', '2025-05-26 21:05:30', '2025-05-26 21:05:30'),
(128, 'Tauros', 'rare', '2025-05-26 21:05:30', '2025-05-26 21:05:30'),
(129, 'Magicarpe', 'common', '2025-05-26 21:05:30', '2025-05-26 21:05:30'),
(130, 'Léviator', 'rare', '2025-05-26 21:05:30', '2025-05-26 21:05:30'),
(131, 'Lokhlass', 'rare', '2025-05-26 21:05:30', '2025-05-26 21:05:30'),
(132, 'Métamorph', 'rare', '2025-05-26 21:05:30', '2025-05-26 21:05:30'),
(133, 'Évoli', 'rare', '2025-05-26 21:05:30', '2025-05-26 21:05:30'),
(134, 'Aquali', 'rare', '2025-05-26 21:05:30', '2025-05-26 21:05:30'),
(135, 'Voltali', 'rare', '2025-05-26 21:05:30', '2025-05-26 21:05:30'),
(136, 'Pyroli', 'rare', '2025-05-26 21:05:30', '2025-05-26 21:05:30'),
(137, 'Porygon', 'rare', '2025-05-26 21:05:30', '2025-05-26 21:05:30'),
(138, 'Amonita', 'rare', '2025-05-26 21:05:30', '2025-05-26 21:05:30'),
(139, 'Amonistar', 'rare', '2025-05-26 21:05:30', '2025-05-26 21:05:30'),
(140, 'Kabuto', 'rare', '2025-05-26 21:05:30', '2025-05-26 21:05:30'),
(141, 'Kabutops', 'rare', '2025-05-26 21:05:30', '2025-05-26 21:05:30'),
(142, 'Ptéra', 'rare', '2025-05-26 21:05:30', '2025-05-26 21:05:30'),
(143, 'Ronflex', 'rare', '2025-05-26 21:05:31', '2025-05-26 21:05:31'),
(144, 'Artikodin', 'legendary', '2025-05-26 21:05:31', '2025-05-26 21:05:31'),
(145, 'Électhor', 'legendary', '2025-05-26 21:05:31', '2025-05-26 21:05:31'),
(146, 'Sulfura', 'legendary', '2025-05-26 21:05:31', '2025-05-26 21:05:31'),
(147, 'Minidraco', 'rare', '2025-05-26 21:05:31', '2025-05-26 21:05:31'),
(148, 'Draco', 'rare', '2025-05-26 21:05:31', '2025-05-26 21:05:31'),
(149, 'Dracolosse', 'rare', '2025-05-26 21:05:31', '2025-05-26 21:05:31'),
(150, 'Mewtwo', 'legendary', '2025-05-26 21:05:31', '2025-05-26 21:05:31'),
(151, 'Mew', 'legendary', '2025-05-26 21:05:31', '2025-05-26 21:05:31');

-- --------------------------------------------------------

--
-- Structure de la table `collections`
--

DROP TABLE IF EXISTS `collections`;
CREATE TABLE IF NOT EXISTS `collections` (
  `nb` int DEFAULT '1',
  `createdAt` datetime NOT NULL,
  `updatedAt` datetime NOT NULL,
  `UserId` int NOT NULL,
  `CardId` int NOT NULL,
  PRIMARY KEY (`UserId`,`CardId`),
  KEY `CardId` (`CardId`)
) ENGINE=InnoDB DEFAULT CHARSET=utf8mb4 COLLATE=utf8mb4_0900_ai_ci;

--
-- Déchargement des données de la table `collections`
--

INSERT INTO `collections` (`nb`, `createdAt`, `updatedAt`, `UserId`, `CardId`) VALUES
(0, '2025-05-26 21:56:44', '2025-05-26 22:04:01', 1, 4),
(1, '2025-05-26 21:56:44', '2025-05-26 22:19:22', 1, 16),
(1, '2025-05-26 21:56:44', '2025-05-26 21:56:44', 1, 21),
(1, '2025-05-26 21:56:44', '2025-05-26 21:56:44', 1, 23),
(0, '2025-05-26 21:56:44', '2025-05-26 21:56:48', 1, 39),
(0, '2025-05-26 21:56:44', '2025-05-26 22:17:05', 1, 43),
(1, '2025-05-26 21:56:44', '2025-05-27 06:31:45', 1, 46),
(1, '2025-05-26 21:56:44', '2025-05-26 21:56:44', 1, 60),
(0, '2025-05-26 21:56:44', '2025-05-27 06:31:50', 1, 74),
(0, '2025-05-26 21:56:44', '2025-05-26 22:19:42', 1, 79),
(1, '2025-05-26 21:56:44', '2025-05-26 21:56:44', 1, 98),
(1, '2025-05-26 21:56:44', '2025-05-26 21:56:44', 1, 102),
(1, '2025-05-26 21:56:44', '2025-05-26 21:56:44', 1, 104),
(1, '2025-05-26 21:56:44', '2025-05-26 21:56:44', 1, 109),
(1, '2025-05-26 21:56:44', '2025-05-26 21:56:44', 1, 111),
(1, '2025-05-26 21:56:44', '2025-05-26 21:56:44', 1, 116),
(1, '2025-05-26 21:56:44', '2025-05-26 21:56:44', 1, 118),
(1, '2025-05-26 21:56:44', '2025-05-26 21:56:44', 1, 122),
(0, '2025-05-26 21:10:27', '2025-05-26 22:08:42', 2, 1),
(1, '2025-05-26 21:10:31', '2025-05-26 21:10:31', 2, 3),
(1, '2025-05-26 21:10:29', '2025-05-26 22:13:47', 2, 4),
(4, '2025-05-26 21:10:29', '2025-05-26 22:03:47', 2, 7),
(3, '2025-05-26 21:10:29', '2025-05-26 22:00:52', 2, 10),
(3, '2025-05-26 21:10:29', '2025-05-26 22:18:58', 2, 11),
(2, '2025-05-26 21:10:30', '2025-05-26 22:03:47', 2, 13),
(3, '2025-05-26 21:10:29', '2025-05-26 22:03:47', 2, 14),
(1, '2025-05-26 21:10:29', '2025-05-26 21:10:29', 2, 16),
(3, '2025-05-26 21:10:30', '2025-05-26 21:10:31', 2, 17),
(3, '2025-05-26 21:10:29', '2025-05-26 21:10:31', 2, 19),
(2, '2025-05-26 21:10:29', '2025-05-26 21:10:30', 2, 21),
(1, '2025-05-26 21:10:30', '2025-05-26 21:10:30', 2, 23),
(3, '2025-05-26 21:05:59', '2025-05-26 21:10:31', 2, 27),
(1, '2025-05-26 21:10:31', '2025-05-26 21:10:31', 2, 29),
(2, '2025-05-26 21:10:29', '2025-05-26 21:10:31', 2, 32),
(1, '2025-05-26 21:05:59', '2025-05-26 21:05:59', 2, 36),
(1, '2025-05-26 21:10:29', '2025-05-26 21:10:29', 2, 39),
(4, '2025-05-26 21:10:29', '2025-05-26 22:03:47', 2, 41),
(1, '2025-05-26 22:03:47', '2025-05-26 22:03:47', 2, 43),
(1, '2025-05-26 21:10:30', '2025-05-26 21:10:30', 2, 45),
(2, '2025-05-26 21:10:30', '2025-05-26 22:00:52', 2, 46),
(1, '2025-05-26 21:10:31', '2025-05-26 21:10:31', 2, 50),
(2, '2025-05-26 21:10:29', '2025-05-26 21:10:30', 2, 52),
(1, '2025-05-26 22:03:47', '2025-05-26 22:03:47', 2, 53),
(4, '2025-05-26 21:10:30', '2025-05-26 22:03:47', 2, 54),
(3, '2025-05-26 21:10:27', '2025-05-26 22:00:53', 2, 56),
(1, '2025-05-26 21:05:59', '2025-05-26 21:05:59', 2, 58),
(2, '2025-05-26 21:05:59', '2025-05-26 21:10:28', 2, 60),
(1, '2025-05-26 21:10:29', '2025-05-26 21:10:29', 2, 61),
(3, '2025-05-26 21:10:30', '2025-05-26 21:10:31', 2, 63),
(2, '2025-05-26 21:10:29', '2025-05-26 21:10:31', 2, 69),
(1, '2025-05-26 21:10:29', '2025-05-26 21:10:29', 2, 70),
(1, '2025-05-26 21:10:31', '2025-05-26 21:10:31', 2, 72),
(1, '2025-05-26 21:10:31', '2025-05-26 21:10:31', 2, 74),
(2, '2025-05-26 21:10:27', '2025-05-26 21:10:30', 2, 77),
(3, '2025-05-26 21:10:30', '2025-05-26 22:03:47', 2, 79),
(1, '2025-05-26 21:10:31', '2025-05-26 21:10:31', 2, 81),
(1, '2025-05-26 21:10:31', '2025-05-26 21:10:31', 2, 84),
(1, '2025-05-26 21:10:29', '2025-05-26 21:10:29', 2, 86),
(4, '2025-05-26 21:10:28', '2025-05-26 21:10:30', 2, 90),
(2, '2025-05-26 21:10:28', '2025-05-26 22:00:52', 2, 92),
(2, '2025-05-26 21:05:59', '2025-05-26 21:10:30', 2, 96),
(1, '2025-05-26 21:10:30', '2025-05-26 21:10:30', 2, 97),
(2, '2025-05-26 21:10:28', '2025-05-26 21:10:30', 2, 98),
(3, '2025-05-26 21:10:30', '2025-05-26 22:03:47', 2, 100),
(2, '2025-05-26 21:10:27', '2025-05-26 21:10:29', 2, 102),
(3, '2025-05-26 21:10:28', '2025-05-26 21:10:30', 2, 104),
(1, '2025-05-26 21:10:27', '2025-05-26 21:10:27', 2, 107),
(2, '2025-05-26 21:10:29', '2025-05-26 21:10:30', 2, 109),
(3, '2025-05-26 21:10:29', '2025-05-26 22:03:47', 2, 111),
(3, '2025-05-26 21:10:29', '2025-05-26 22:00:52', 2, 116),
(1, '2025-05-26 21:10:29', '2025-05-26 21:10:29', 2, 118),
(1, '2025-05-26 22:03:47', '2025-05-26 22:03:47', 2, 120),
(2, '2025-05-26 21:10:29', '2025-05-26 21:10:29', 2, 129),
(1, '2025-05-26 21:10:29', '2025-05-26 21:10:29', 2, 131),
(2, '2025-05-26 21:10:29', '2025-05-26 22:03:47', 2, 133),
(1, '2025-05-26 21:10:29', '2025-05-26 21:10:29', 2, 141),
(1, '2025-05-26 21:10:29', '2025-05-26 21:10:29', 2, 144),
(1, '2025-05-26 21:10:29', '2025-05-26 21:10:29', 2, 145),
(1, '2025-05-26 21:10:29', '2025-05-26 21:10:29', 2, 146),
(1, '2025-05-26 21:10:29', '2025-05-26 21:10:29', 2, 149),
(3, '2025-05-26 21:10:29', '2025-05-26 21:10:30', 2, 150);

-- --------------------------------------------------------

--
-- Structure de la table `encheres`
--

DROP TABLE IF EXISTS `encheres`;
CREATE TABLE IF NOT EXISTS `encheres` (
  `id` int NOT NULL AUTO_INCREMENT,
  `end_date` datetime NOT NULL,
  `bid` float DEFAULT '0',
  `createdAt` datetime NOT NULL,
  `updatedAt` datetime NOT NULL,
  `sellerId` int DEFAULT NULL,
  `bidderId` int DEFAULT NULL,
  `CardId` int DEFAULT NULL,
  PRIMARY KEY (`id`),
  KEY `sellerId` (`sellerId`),
  KEY `bidderId` (`bidderId`),
  KEY `CardId` (`CardId`)
) ENGINE=InnoDB AUTO_INCREMENT=12 DEFAULT CHARSET=utf8mb4 COLLATE=utf8mb4_0900_ai_ci;

--
-- Déchargement des données de la table `encheres`
--

INSERT INTO `encheres` (`id`, `end_date`, `bid`, `createdAt`, `updatedAt`, `sellerId`, `bidderId`, `CardId`) VALUES
(1, '2025-05-26 22:01:26', 0, '2025-05-26 21:56:26', '2025-05-26 21:56:26', 2, NULL, 1),
(2, '2025-05-26 22:01:48', 0, '2025-05-26 21:56:48', '2025-05-26 21:56:48', 1, NULL, 39),
(3, '2025-05-26 22:04:22', 0, '2025-05-26 21:59:22', '2025-05-26 21:59:22', 2, NULL, 1),
(4, '2025-05-26 22:05:47', 0, '2025-05-26 22:00:47', '2025-05-26 22:00:47', 2, NULL, 1),
(5, '2025-05-26 22:09:01', 0, '2025-05-26 22:04:01', '2025-05-26 22:04:01', 1, NULL, 4),
(6, '2025-05-26 22:12:33', 0, '2025-05-26 22:07:33', '2025-05-26 22:07:33', 2, NULL, 4),
(7, '2025-05-26 22:13:42', 0, '2025-05-26 22:08:42', '2025-05-26 22:08:42', 2, NULL, 1),
(8, '2025-05-26 22:18:47', 0, '2025-05-26 22:13:47', '2025-05-26 22:13:47', 2, NULL, 4),
(9, '2025-05-26 22:22:05', 0, '2025-05-26 22:17:05', '2025-05-26 22:17:05', 1, NULL, 43),
(10, '2025-05-26 22:24:42', 0, '2025-05-26 22:19:42', '2025-05-26 22:19:55', 1, 2, 79),
(11, '2025-05-27 06:36:50', 0, '2025-05-27 06:31:50', '2025-05-27 06:31:50', 1, NULL, 74);

-- --------------------------------------------------------

--
-- Structure de la table `users`
--

DROP TABLE IF EXISTS `users`;
CREATE TABLE IF NOT EXISTS `users` (
  `id` int NOT NULL AUTO_INCREMENT,
  `username` varchar(255) NOT NULL,
  `password` varchar(255) NOT NULL,
  `currency` float DEFAULT '0',
  `token` varchar(255) DEFAULT NULL,
  `lastBooster` bigint DEFAULT NULL,
  `createdAt` datetime NOT NULL,
  `updatedAt` datetime NOT NULL,
  PRIMARY KEY (`id`),
  UNIQUE KEY `username` (`username`),
  UNIQUE KEY `username_2` (`username`),
  UNIQUE KEY `username_3` (`username`),
  UNIQUE KEY `username_4` (`username`),
  UNIQUE KEY `username_5` (`username`),
  UNIQUE KEY `username_6` (`username`),
  UNIQUE KEY `username_7` (`username`),
  UNIQUE KEY `username_8` (`username`),
  UNIQUE KEY `username_9` (`username`),
  UNIQUE KEY `username_10` (`username`)
) ENGINE=InnoDB AUTO_INCREMENT=4 DEFAULT CHARSET=utf8mb4 COLLATE=utf8mb4_0900_ai_ci;

--
-- Déchargement des données de la table `users`
--

INSERT INTO `users` (`id`, `username`, `password`, `currency`, `token`, `lastBooster`, `createdAt`, `updatedAt`) VALUES
(1, 'Loris', 'Bach', 10, 'e787ebca2322ce0d', 1748296604883, '2025-05-26 20:14:56', '2025-05-27 06:31:45'),
(2, 'Mao', 'Mao', 0, 'c4b2c85d87f69601', 1748297027739, '2025-05-26 20:18:55', '2025-05-26 22:19:55'),
(3, 'Eikichi', 'Onizuka', 0, '26bf600dd9f0481e', 1748291327887, '2025-05-26 20:28:47', '2025-05-26 20:28:47');

--
-- Contraintes pour les tables déchargées
--

--
-- Contraintes pour la table `auctions`
--
ALTER TABLE `auctions`
  ADD CONSTRAINT `auctions_ibfk_1` FOREIGN KEY (`sellerId`) REFERENCES `users` (`id`) ON DELETE SET NULL ON UPDATE CASCADE,
  ADD CONSTRAINT `auctions_ibfk_2` FOREIGN KEY (`bidderId`) REFERENCES `users` (`id`) ON DELETE SET NULL ON UPDATE CASCADE,
  ADD CONSTRAINT `auctions_ibfk_3` FOREIGN KEY (`CardId`) REFERENCES `cards` (`id`) ON DELETE SET NULL ON UPDATE CASCADE;

--
-- Contraintes pour la table `collections`
--
ALTER TABLE `collections`
  ADD CONSTRAINT `collections_ibfk_1` FOREIGN KEY (`UserId`) REFERENCES `users` (`id`) ON DELETE CASCADE ON UPDATE CASCADE,
  ADD CONSTRAINT `collections_ibfk_2` FOREIGN KEY (`CardId`) REFERENCES `cards` (`id`) ON DELETE CASCADE ON UPDATE CASCADE;

--
-- Contraintes pour la table `encheres`
--
ALTER TABLE `encheres`
  ADD CONSTRAINT `encheres_ibfk_1` FOREIGN KEY (`sellerId`) REFERENCES `users` (`id`) ON DELETE SET NULL ON UPDATE CASCADE,
  ADD CONSTRAINT `encheres_ibfk_2` FOREIGN KEY (`bidderId`) REFERENCES `users` (`id`) ON DELETE SET NULL ON UPDATE CASCADE,
  ADD CONSTRAINT `encheres_ibfk_3` FOREIGN KEY (`CardId`) REFERENCES `cards` (`id`) ON DELETE SET NULL ON UPDATE CASCADE,
  ADD CONSTRAINT `encheres_ibfk_4` FOREIGN KEY (`sellerId`) REFERENCES `users` (`id`) ON DELETE SET NULL ON UPDATE CASCADE,
  ADD CONSTRAINT `encheres_ibfk_5` FOREIGN KEY (`bidderId`) REFERENCES `users` (`id`) ON DELETE SET NULL ON UPDATE CASCADE,
  ADD CONSTRAINT `encheres_ibfk_6` FOREIGN KEY (`CardId`) REFERENCES `cards` (`id`) ON DELETE SET NULL ON UPDATE CASCADE;
COMMIT;

/*!40101 SET CHARACTER_SET_CLIENT=@OLD_CHARACTER_SET_CLIENT */;
/*!40101 SET CHARACTER_SET_RESULTS=@OLD_CHARACTER_SET_RESULTS */;
/*!40101 SET COLLATION_CONNECTION=@OLD_COLLATION_CONNECTION */;
